{
  "scale": 0.32041319139914304,
  "R": [
    [
      0.3363529930665022,
      0.9243228481052677,
      0.18026074593702157
    ],
    [
      -0.9314818305188749,
      0.3547089903161225,
      -0.08076590618648079
    ],
    [
      -0.13859387962104286,
      -0.1407437553125635,
      0.9802973691039394
    ]
  ],
  "t": [
    0.5997096571860437,
    -0.05680184773267853,
    1.184869490755473
  ]
}