{
    "waypoints": {
        "Nco": 10,
        "keyframes": {
            "fo0": {
                "t": 0.00,
                "fo":   [
                    [-2.00,  0.00,  0.00,  0.00,  0.00],
                    [ 0.00,  0.00,  0.00,  0.00,  0.00],
                    [-1.00,  0.00,  0.00,  0.00,  0.00],
                    [ 0.00,  0.00,  0.00,  0.00,  0.00]
                ]
            },
            "fo1": {
                "t": 1.58560849,
                "fo":   [
                    [ 0.00,  null,  null,  null,  null],
                    [ 1.00,  null,  null,  null,  null],
                    [-1.00,  null,  null,  null,  null],
                    [ 1.00,  null,  null,  null,  null]
                ]
            },
            "fo2": {
                "t": 4.900227252837848,
                "fo":   [
                    [ 2.00,  0.00,  0.00,  0.00,  0.00],
                    [ 0.00,  0.00,  0.00,  0.00,  0.00],
                    [-1.00,  0.00,  0.00,  0.00,  0.00],
                    [ 2.00,  0.00,  0.00,  0.00,  0.00]
                ]
            }
        }
    },
    "forces": null
}